{"frames":{"sprite1":{"frame":{"x":920,"y":208,"w":527,"h":1220},"rotated":false,"trimmed":false,"spriteSourceSize":{"x":0,"y":0,"w":527,"h":1220},"sourceSize":{"w":527,"h":1220}},"sprite2":{"frame":{"x":265,"y":209,"w":527,"h":1220},"rotated":false,"trimmed":false,"spriteSourceSize":{"x":0,"y":0,"w":527,"h":1220},"sourceSize":{"w":527,"h":1220}},"sprite3":{"frame":{"x":1592,"y":209,"w":529,"h":1220},"rotated":false,"trimmed":false,"spriteSourceSize":{"x":0,"y":0,"w":529,"h":1220},"sourceSize":{"w":529,"h":1220}}},"meta":{"app":"https://www.leshylabs.com/apps/sstool/","version":"Leshy SpriteSheet Tool v0.8.4","image":"Beanie.png","size":{"w":2524,"h":1588},"scale":1}}