{"frames":{"sprite3":{"frame":{"x":271,"y":21,"w":108,"h":106},"rotated":false,"trimmed":false,"spriteSourceSize":{"x":0,"y":0,"w":108,"h":106},"sourceSize":{"w":108,"h":106}},"sprite2":{"frame":{"x":153,"y":26,"w":86,"h":101},"rotated":false,"trimmed":false,"spriteSourceSize":{"x":0,"y":0,"w":86,"h":101},"sourceSize":{"w":86,"h":101}},"sprite4":{"frame":{"x":412,"y":27,"w":86,"h":100},"rotated":false,"trimmed":false,"spriteSourceSize":{"x":0,"y":0,"w":86,"h":100},"sourceSize":{"w":86,"h":100}},"sprite1":{"frame":{"x":23,"y":31,"w":75,"h":96},"rotated":false,"trimmed":false,"spriteSourceSize":{"x":0,"y":0,"w":75,"h":96},"sourceSize":{"w":75,"h":96}},"sprite5":{"frame":{"x":270,"y":59,"w":1,"h":1},"rotated":false,"trimmed":false,"spriteSourceSize":{"x":0,"y":0,"w":1,"h":1},"sourceSize":{"w":1,"h":1}},"sprite6":{"frame":{"x":290,"y":126,"w":1,"h":1},"rotated":false,"trimmed":false,"spriteSourceSize":{"x":0,"y":0,"w":1,"h":1},"sourceSize":{"w":1,"h":1}}},"meta":{"app":"https://www.leshylabs.com/apps/sstool/","version":"Leshy SpriteSheet Tool v0.8.4","image":"Bob.png","size":{"w":508,"h":127},"scale":1}}