{"frames":{"sprite1":{"frame":{"x":2768,"y":111,"w":571,"h":1216},"rotated":false,"trimmed":false,"spriteSourceSize":{"x":0,"y":0,"w":571,"h":1216},"sourceSize":{"w":571,"h":1216}},"sprite2":{"frame":{"x":129,"y":135,"w":659,"h":1164},"rotated":false,"trimmed":false,"spriteSourceSize":{"x":0,"y":0,"w":659,"h":1164},"sourceSize":{"w":659,"h":1164}},"sprite3":{"frame":{"x":965,"y":136,"w":659,"h":1164},"rotated":false,"trimmed":false,"spriteSourceSize":{"x":0,"y":0,"w":659,"h":1164},"sourceSize":{"w":659,"h":1164}},"sprite4":{"frame":{"x":1753,"y":136,"w":659,"h":1164},"rotated":false,"trimmed":false,"spriteSourceSize":{"x":0,"y":0,"w":659,"h":1164},"sourceSize":{"w":659,"h":1164}}},"meta":{"app":"https://www.leshylabs.com/apps/sstool/","version":"Leshy SpriteSheet Tool v0.8.4","image":"BombMan.png","size":{"w":3475,"h":1588},"scale":1}}