{"frames":{"sprite2":{"frame":{"x":532,"y":178,"w":436,"h":925},"rotated":false,"trimmed":false,"spriteSourceSize":{"x":0,"y":0,"w":436,"h":925},"sourceSize":{"w":436,"h":925}},"sprite3":{"frame":{"x":986,"y":178,"w":473,"h":917},"rotated":false,"trimmed":false,"spriteSourceSize":{"x":0,"y":0,"w":473,"h":917},"sourceSize":{"w":473,"h":917}},"sprite1":{"frame":{"x":57,"y":197,"w":463,"h":906},"rotated":false,"trimmed":false,"spriteSourceSize":{"x":0,"y":0,"w":463,"h":906},"sourceSize":{"w":463,"h":906}}},"meta":{"app":"https://www.leshylabs.com/apps/sstool/","version":"Leshy SpriteSheet Tool v0.8.4","image":"Buffy.png","size":{"w":1588,"h":1191},"scale":1}}