{"frames":{"Chopper1":{"frame":{"x":904,"y":606,"w":1996,"h":1393},"rotated":false,"trimmed":false,"spriteSourceSize":{"x":0,"y":0,"w":1996,"h":1393},"sourceSize":{"w":1996,"h":1393}},"Chopper2":{"frame":{"x":902,"y":2981,"w":2028,"h":1536},"rotated":false,"trimmed":false,"spriteSourceSize":{"x":0,"y":0,"w":2028,"h":1536},"sourceSize":{"w":2028,"h":1536}}},"meta":{"app":"https://www.leshylabs.com/apps/sstool/","version":"Leshy SpriteSheet Tool v0.8.4","image":"Chopper.png","size":{"w":3467,"h":5029},"scale":1}}