{"frames":{"green":{"frame":{"x":284,"y":309,"w":312,"h":204},"rotated":false,"trimmed":false,"spriteSourceSize":{"x":0,"y":0,"w":312,"h":204},"sourceSize":{"w":312,"h":204}},"red":{"frame":{"x":1195,"y":313,"w":312,"h":204},"rotated":false,"trimmed":false,"spriteSourceSize":{"x":0,"y":0,"w":312,"h":204},"sourceSize":{"w":312,"h":204}},"gray":{"frame":{"x":2087,"y":333,"w":312,"h":204},"rotated":false,"trimmed":false,"spriteSourceSize":{"x":0,"y":0,"w":312,"h":204},"sourceSize":{"w":312,"h":204}},"pink":{"frame":{"x":302,"y":1205,"w":312,"h":204},"rotated":false,"trimmed":false,"spriteSourceSize":{"x":0,"y":0,"w":312,"h":204},"sourceSize":{"w":312,"h":204}},"yellow":{"frame":{"x":1178,"y":1206,"w":312,"h":204},"rotated":false,"trimmed":false,"spriteSourceSize":{"x":0,"y":0,"w":312,"h":204},"sourceSize":{"w":312,"h":204}},"white":{"frame":{"x":2084,"y":1250,"w":312,"h":204},"rotated":false,"trimmed":false,"spriteSourceSize":{"x":0,"y":0,"w":312,"h":204},"sourceSize":{"w":312,"h":204}},"blue":{"frame":{"x":355,"y":1817,"w":312,"h":204},"rotated":false,"trimmed":false,"spriteSourceSize":{"x":0,"y":0,"w":312,"h":204},"sourceSize":{"w":312,"h":204}},"brown":{"frame":{"x":1229,"y":1827,"w":312,"h":204},"rotated":false,"trimmed":false,"spriteSourceSize":{"x":0,"y":0,"w":312,"h":204},"sourceSize":{"w":312,"h":204}},"purple":{"frame":{"x":1880,"y":2348,"w":312,"h":204},"rotated":false,"trimmed":false,"spriteSourceSize":{"x":0,"y":0,"w":312,"h":204},"sourceSize":{"w":312,"h":204}},"orange":{"frame":{"x":582,"y":2360,"w":312,"h":204},"rotated":false,"trimmed":false,"spriteSourceSize":{"x":0,"y":0,"w":312,"h":204},"sourceSize":{"w":312,"h":204}}},"meta":{"app":"https://www.leshylabs.com/apps/sstool/","version":"Leshy SpriteSheet Tool v0.8.4","image":"colors.png","size":{"w":2681,"h":2915},"scale":1}}