{"frames":{"sprite1":{"frame":{"x":80,"y":215,"w":285,"h":545},"rotated":false,"trimmed":false,"spriteSourceSize":{"x":0,"y":0,"w":285,"h":545},"sourceSize":{"w":285,"h":545}},"sprite2":{"frame":{"x":514,"y":215,"w":296,"h":545},"rotated":false,"trimmed":false,"spriteSourceSize":{"x":0,"y":0,"w":296,"h":545},"sourceSize":{"w":296,"h":545}},"sprite3":{"frame":{"x":970,"y":215,"w":285,"h":545},"rotated":false,"trimmed":false,"spriteSourceSize":{"x":0,"y":0,"w":285,"h":545},"sourceSize":{"w":285,"h":545}},"sprite4":{"frame":{"x":1373,"y":215,"w":283,"h":546},"rotated":false,"trimmed":false,"spriteSourceSize":{"x":0,"y":0,"w":283,"h":546},"sourceSize":{"w":283,"h":546}},"sprite5":{"frame":{"x":444,"y":249,"w":2,"h":1},"rotated":false,"trimmed":false,"spriteSourceSize":{"x":0,"y":0,"w":2,"h":1},"sourceSize":{"w":2,"h":1}},"sprite6":{"frame":{"x":452,"y":255,"w":4,"h":7},"rotated":false,"trimmed":false,"spriteSourceSize":{"x":0,"y":0,"w":4,"h":7},"sourceSize":{"w":4,"h":7}},"sprite7":{"frame":{"x":1296,"y":718,"w":8,"h":9},"rotated":false,"trimmed":false,"spriteSourceSize":{"x":0,"y":0,"w":8,"h":9},"sourceSize":{"w":8,"h":9}}},"meta":{"app":"https://www.leshylabs.com/apps/sstool/","version":"Leshy SpriteSheet Tool v0.8.4","image":"Cop.png","size":{"w":1796,"h":1114},"scale":1}}