{"frames":{"Background":{"frame":{"x":0,"y":0,"w":3432,"h":2514},"rotated":false,"trimmed":false,"spriteSourceSize":{"x":0,"y":0,"w":3432,"h":2514},"sourceSize":{"w":3432,"h":2514}},"Background(R)":{"frame":{"x":0,"y":2515,"w":3432,"h":2514},"rotated":false,"trimmed":false,"spriteSourceSize":{"x":0,"y":0,"w":3432,"h":2514},"sourceSize":{"w":3432,"h":2514}},"Background(LightR)":{"frame":{"x":3433,"y":0,"w":3432,"h":2514},"rotated":false,"trimmed":false,"spriteSourceSize":{"x":0,"y":0,"w":3432,"h":2514},"sourceSize":{"w":3432,"h":2514}}},"meta":{"app":"https://www.leshylabs.com/apps/sstool/","version":"Leshy SpriteSheet Tool v0.8.4","image":"Error.png","size":{"w":6865,"h":5029},"scale":1}}