{"frames":{"NewsVan1":{"frame":{"x":0,"y":0,"w":1920,"h":1080},"rotated":false,"trimmed":false,"spriteSourceSize":{"x":0,"y":0,"w":1920,"h":1080},"sourceSize":{"w":1920,"h":1080}},"NewsVan2":{"frame":{"x":0,"y":1081,"w":1920,"h":1080},"rotated":false,"trimmed":false,"spriteSourceSize":{"x":0,"y":0,"w":1920,"h":1080},"sourceSize":{"w":1920,"h":1080}},"NewsVan3":{"frame":{"x":0,"y":2162,"w":1920,"h":1080},"rotated":false,"trimmed":false,"spriteSourceSize":{"x":0,"y":0,"w":1920,"h":1080},"sourceSize":{"w":1920,"h":1080}}},"meta":{"app":"https://www.leshylabs.com/apps/sstool/","version":"Leshy SpriteSheet Tool v0.8.4","image":"NewsVanspritesheet.png","size":{"w":1920,"h":3242},"scale":1}}