{"frames":{"sprite1":{"frame":{"x":232,"y":128,"w":314,"h":1200},"rotated":false,"trimmed":false,"spriteSourceSize":{"x":0,"y":0,"w":314,"h":1200},"sourceSize":{"w":314,"h":1200}},"sprite2":{"frame":{"x":799,"y":137,"w":314,"h":1200},"rotated":false,"trimmed":false,"spriteSourceSize":{"x":0,"y":0,"w":314,"h":1200},"sourceSize":{"w":314,"h":1200}},"sprite3":{"frame":{"x":1366,"y":137,"w":314,"h":1200},"rotated":false,"trimmed":false,"spriteSourceSize":{"x":0,"y":0,"w":314,"h":1200},"sourceSize":{"w":314,"h":1200}},"sprite4":{"frame":{"x":545,"y":285,"w":1,"h":1},"rotated":false,"trimmed":false,"spriteSourceSize":{"x":0,"y":0,"w":1,"h":1},"sourceSize":{"w":1,"h":1}},"sprite5":{"frame":{"x":547,"y":291,"w":1,"h":1},"rotated":false,"trimmed":false,"spriteSourceSize":{"x":0,"y":0,"w":1,"h":1},"sourceSize":{"w":1,"h":1}},"sprite6":{"frame":{"x":1112,"y":294,"w":1,"h":1},"rotated":false,"trimmed":false,"spriteSourceSize":{"x":0,"y":0,"w":1,"h":1},"sourceSize":{"w":1,"h":1}},"sprite7":{"frame":{"x":1679,"y":294,"w":1,"h":1},"rotated":false,"trimmed":false,"spriteSourceSize":{"x":0,"y":0,"w":1,"h":1},"sourceSize":{"w":1,"h":1}},"sprite8":{"frame":{"x":1114,"y":300,"w":1,"h":1},"rotated":false,"trimmed":false,"spriteSourceSize":{"x":0,"y":0,"w":1,"h":1},"sourceSize":{"w":1,"h":1}},"sprite9":{"frame":{"x":1681,"y":300,"w":1,"h":1},"rotated":false,"trimmed":false,"spriteSourceSize":{"x":0,"y":0,"w":1,"h":1},"sourceSize":{"w":1,"h":1}},"sprite10":{"frame":{"x":545,"y":310,"w":1,"h":1},"rotated":false,"trimmed":false,"spriteSourceSize":{"x":0,"y":0,"w":1,"h":1},"sourceSize":{"w":1,"h":1}},"sprite11":{"frame":{"x":1112,"y":319,"w":1,"h":1},"rotated":false,"trimmed":false,"spriteSourceSize":{"x":0,"y":0,"w":1,"h":1},"sourceSize":{"w":1,"h":1}},"sprite12":{"frame":{"x":1679,"y":319,"w":1,"h":1},"rotated":false,"trimmed":false,"spriteSourceSize":{"x":0,"y":0,"w":1,"h":1},"sourceSize":{"w":1,"h":1}}},"meta":{"app":"https://www.leshylabs.com/apps/sstool/","version":"Leshy SpriteSheet Tool v0.8.4","image":"Taylor.png","size":{"w":2139,"h":1463},"scale":1}}