{"frames":{"G":{"frame":{"x":698,"y":335,"w":581,"h":216},"rotated":false,"trimmed":false,"spriteSourceSize":{"x":0,"y":0,"w":581,"h":216},"sourceSize":{"w":581,"h":216}},"sprite46":{"frame":{"x":358,"y":1640,"w":15,"h":5},"rotated":false,"trimmed":false,"spriteSourceSize":{"x":0,"y":0,"w":15,"h":5},"sourceSize":{"w":15,"h":5}},"sprite47":{"frame":{"x":1406,"y":1617,"w":5,"h":6},"rotated":false,"trimmed":false,"spriteSourceSize":{"x":0,"y":0,"w":5,"h":6},"sourceSize":{"w":5,"h":6}},"Y":{"frame":{"x":0,"y":1081,"w":581,"h":216},"rotated":false,"trimmed":false,"spriteSourceSize":{"x":0,"y":0,"w":581,"h":216},"sourceSize":{"w":581,"h":216}},"P":{"frame":{"x":582,"y":1081,"w":581,"h":216},"rotated":false,"trimmed":false,"spriteSourceSize":{"x":0,"y":0,"w":581,"h":216},"sourceSize":{"w":581,"h":216}},"B":{"frame":{"x":1164,"y":1081,"w":581,"h":216},"rotated":false,"trimmed":false,"spriteSourceSize":{"x":0,"y":0,"w":581,"h":216},"sourceSize":{"w":581,"h":216}},"R":{"frame":{"x":0,"y":1298,"w":576,"h":210},"rotated":false,"trimmed":false,"spriteSourceSize":{"x":0,"y":0,"w":576,"h":210},"sourceSize":{"w":576,"h":210}},"B(R)":{"frame":{"x":577,"y":1298,"w":293,"h":150},"rotated":false,"trimmed":false,"spriteSourceSize":{"x":0,"y":0,"w":293,"h":150},"sourceSize":{"w":293,"h":150}},"G(R)":{"frame":{"x":871,"y":1298,"w":293,"h":150},"rotated":false,"trimmed":false,"spriteSourceSize":{"x":0,"y":0,"w":293,"h":150},"sourceSize":{"w":293,"h":150}},"Y(R)":{"frame":{"x":1165,"y":1298,"w":293,"h":150},"rotated":false,"trimmed":false,"spriteSourceSize":{"x":0,"y":0,"w":293,"h":150},"sourceSize":{"w":293,"h":150}},"P(R)":{"frame":{"x":1459,"y":1298,"w":293,"h":150},"rotated":false,"trimmed":false,"spriteSourceSize":{"x":0,"y":0,"w":293,"h":150},"sourceSize":{"w":293,"h":150}},"R(R)":{"frame":{"x":0,"y":1509,"w":277,"h":139},"rotated":false,"trimmed":false,"spriteSourceSize":{"x":0,"y":0,"w":277,"h":139},"sourceSize":{"w":277,"h":139}},"G(L)":{"frame":{"x":278,"y":1509,"w":269,"h":118},"rotated":false,"trimmed":false,"spriteSourceSize":{"x":0,"y":0,"w":269,"h":118},"sourceSize":{"w":269,"h":118}},"B(L)":{"frame":{"x":548,"y":1509,"w":269,"h":118},"rotated":false,"trimmed":false,"spriteSourceSize":{"x":0,"y":0,"w":269,"h":118},"sourceSize":{"w":269,"h":118}},"Y(L)":{"frame":{"x":818,"y":1509,"w":269,"h":118},"rotated":false,"trimmed":false,"spriteSourceSize":{"x":0,"y":0,"w":269,"h":118},"sourceSize":{"w":269,"h":118}},"P(L)":{"frame":{"x":1088,"y":1509,"w":269,"h":118},"rotated":false,"trimmed":false,"spriteSourceSize":{"x":0,"y":0,"w":269,"h":118},"sourceSize":{"w":269,"h":118}},"R(L)":{"frame":{"x":1358,"y":1509,"w":272,"h":107},"rotated":false,"trimmed":false,"spriteSourceSize":{"x":0,"y":0,"w":272,"h":107},"sourceSize":{"w":272,"h":107}},"sprite21":{"frame":{"x":1358,"y":1617,"w":5,"h":6},"rotated":false,"trimmed":false,"spriteSourceSize":{"x":0,"y":0,"w":5,"h":6},"sourceSize":{"w":5,"h":6}},"sprite23":{"frame":{"x":1364,"y":1617,"w":5,"h":6},"rotated":false,"trimmed":false,"spriteSourceSize":{"x":0,"y":0,"w":5,"h":6},"sourceSize":{"w":5,"h":6}},"sprite25":{"frame":{"x":1370,"y":1617,"w":5,"h":6},"rotated":false,"trimmed":false,"spriteSourceSize":{"x":0,"y":0,"w":5,"h":6},"sourceSize":{"w":5,"h":6}},"sprite32":{"frame":{"x":1376,"y":1617,"w":5,"h":6},"rotated":false,"trimmed":false,"spriteSourceSize":{"x":0,"y":0,"w":5,"h":6},"sourceSize":{"w":5,"h":6}},"sprite34":{"frame":{"x":1382,"y":1617,"w":5,"h":6},"rotated":false,"trimmed":false,"spriteSourceSize":{"x":0,"y":0,"w":5,"h":6},"sourceSize":{"w":5,"h":6}},"sprite36":{"frame":{"x":1388,"y":1617,"w":5,"h":6},"rotated":false,"trimmed":false,"spriteSourceSize":{"x":0,"y":0,"w":5,"h":6},"sourceSize":{"w":5,"h":6}},"sprite41":{"frame":{"x":1394,"y":1617,"w":5,"h":6},"rotated":false,"trimmed":false,"spriteSourceSize":{"x":0,"y":0,"w":5,"h":6},"sourceSize":{"w":5,"h":6}},"sprite45":{"frame":{"x":1400,"y":1617,"w":5,"h":6},"rotated":false,"trimmed":false,"spriteSourceSize":{"x":0,"y":0,"w":5,"h":6},"sourceSize":{"w":5,"h":6}},"sprite52":{"frame":{"x":1412,"y":1617,"w":5,"h":6},"rotated":false,"trimmed":false,"spriteSourceSize":{"x":0,"y":0,"w":5,"h":6},"sourceSize":{"w":5,"h":6}},"sprite54":{"frame":{"x":1418,"y":1617,"w":5,"h":6},"rotated":false,"trimmed":false,"spriteSourceSize":{"x":0,"y":0,"w":5,"h":6},"sourceSize":{"w":5,"h":6}},"sprite22":{"frame":{"x":278,"y":1628,"w":15,"h":5},"rotated":false,"trimmed":false,"spriteSourceSize":{"x":0,"y":0,"w":15,"h":5},"sourceSize":{"w":15,"h":5}},"sprite24":{"frame":{"x":278,"y":1634,"w":15,"h":5},"rotated":false,"trimmed":false,"spriteSourceSize":{"x":0,"y":0,"w":15,"h":5},"sourceSize":{"w":15,"h":5}},"sprite26":{"frame":{"x":278,"y":1640,"w":15,"h":5},"rotated":false,"trimmed":false,"spriteSourceSize":{"x":0,"y":0,"w":15,"h":5},"sourceSize":{"w":15,"h":5}},"sprite33":{"frame":{"x":294,"y":1640,"w":15,"h":5},"rotated":false,"trimmed":false,"spriteSourceSize":{"x":0,"y":0,"w":15,"h":5},"sourceSize":{"w":15,"h":5}},"sprite35":{"frame":{"x":310,"y":1640,"w":15,"h":5},"rotated":false,"trimmed":false,"spriteSourceSize":{"x":0,"y":0,"w":15,"h":5},"sourceSize":{"w":15,"h":5}},"sprite37":{"frame":{"x":326,"y":1640,"w":15,"h":5},"rotated":false,"trimmed":false,"spriteSourceSize":{"x":0,"y":0,"w":15,"h":5},"sourceSize":{"w":15,"h":5}},"sprite42":{"frame":{"x":342,"y":1640,"w":15,"h":5},"rotated":false,"trimmed":false,"spriteSourceSize":{"x":0,"y":0,"w":15,"h":5},"sourceSize":{"w":15,"h":5}},"sprite48":{"frame":{"x":374,"y":1640,"w":15,"h":5},"rotated":false,"trimmed":false,"spriteSourceSize":{"x":0,"y":0,"w":15,"h":5},"sourceSize":{"w":15,"h":5}},"sprite53":{"frame":{"x":390,"y":1640,"w":15,"h":5},"rotated":false,"trimmed":false,"spriteSourceSize":{"x":0,"y":0,"w":15,"h":5},"sourceSize":{"w":15,"h":5}},"sprite55":{"frame":{"x":406,"y":1640,"w":15,"h":5},"rotated":false,"trimmed":false,"spriteSourceSize":{"x":0,"y":0,"w":15,"h":5},"sourceSize":{"w":15,"h":5}},"sprite16":{"frame":{"x":422,"y":1640,"w":4,"h":4},"rotated":false,"trimmed":false,"spriteSourceSize":{"x":0,"y":0,"w":4,"h":4},"sourceSize":{"w":4,"h":4}},"sprite19":{"frame":{"x":427,"y":1640,"w":4,"h":4},"rotated":false,"trimmed":false,"spriteSourceSize":{"x":0,"y":0,"w":4,"h":4},"sourceSize":{"w":4,"h":4}},"sprite29":{"frame":{"x":432,"y":1640,"w":4,"h":4},"rotated":false,"trimmed":false,"spriteSourceSize":{"x":0,"y":0,"w":4,"h":4},"sourceSize":{"w":4,"h":4}},"sprite43":{"frame":{"x":437,"y":1640,"w":4,"h":4},"rotated":false,"trimmed":false,"spriteSourceSize":{"x":0,"y":0,"w":4,"h":4},"sourceSize":{"w":4,"h":4}},"sprite14":{"frame":{"x":278,"y":1646,"w":1,"h":1},"rotated":false,"trimmed":false,"spriteSourceSize":{"x":0,"y":0,"w":1,"h":1},"sourceSize":{"w":1,"h":1}},"sprite18":{"frame":{"x":280,"y":1646,"w":1,"h":1},"rotated":false,"trimmed":false,"spriteSourceSize":{"x":0,"y":0,"w":1,"h":1},"sourceSize":{"w":1,"h":1}},"sprite27":{"frame":{"x":282,"y":1646,"w":1,"h":1},"rotated":false,"trimmed":false,"spriteSourceSize":{"x":0,"y":0,"w":1,"h":1},"sourceSize":{"w":1,"h":1}},"sprite40":{"frame":{"x":284,"y":1646,"w":1,"h":1},"rotated":false,"trimmed":false,"spriteSourceSize":{"x":0,"y":0,"w":1,"h":1},"sourceSize":{"w":1,"h":1}}},"meta":{"app":"https://www.leshylabs.com/apps/sstool/","version":"Leshy SpriteSheet Tool v0.8.4","image":"wires.png","size":{"w":1920,"h":1648},"scale":1}}